Cluster Representative,Total Count,Consensus Gene,Length Difference,Members
CAGGGTTCGCGATCTGTTATAGTTGATCCCTTGCGTGTGATCCGTAGTCACT,10,aaggagatataccatatggcttgtactgattactggcaaaattg,44,CAGGGTTCGCGATCTGTTATAGTTGATCCCTTGCGTGTGATCCGTAGTCACT:7; CAGGGTTCGCAATCTGTTATAGTTGATCCCTTGCGTGTGATCCGTAGTCACT:1; CAGGGTTCGCGATCTGTTATAGTTGATCCCTTGCGCGTGATCCGTCTCAC:1; CAGGGTTCGCGATCTGTTAGAGTCGATCCCTTGCGTGTGATCCGTAGTCACT:1
TCTTGCTTCTGATCGAGTGCTTTTGATCTGTGATGGAAGATCGCGGGCAGCA,8,aaggagatataccatatggcttctactgattactggcaaaattg,44,TCTTGCTTCTGATCGAGTGCTTTTGATCTGTGATGGAAGATCGCGGGCAGCA:7; TCTGCTTCTGATCGAGTGCTTTTGATCTGTGATGGAAGATCGCGGGCAGCA:1
CGTCGCCTCTGATCTCCTGTTGCGGATCGATGGTGGAGGATCTGTAATCTGA,13,aaggagatataccatatggcttctactgattactggcaaaattg,44,CGTCGCCTCTGATCTCCTGTTGCGGATCGATGGTGGAGGATCTGTAATCTGA:6; CGTCGCCTCTGATCTCCTGTTGCGGATCGATGGTGGAGGATCTGTAATCTGAA:2; CGTCGCCTCTGATCTCCTGTTGCGGATCGATGGTGGAGGATCTGTAATCTTTGA:1; CGTCGCCTCTGATCTCCTGTTGCGGATCGATGGTGGAGGATTCTGCAATCTGA:1; CGTCGCCTCTGATCTCCTGTTGCGGATGAGTGGTGGAGGATCTGTAATCTGA:1; CGTCGCCTCTGATCTCCTGTTGCGGATCGATGGTGGAGATTTTAATCTGA:1; CGTCGCCTCTGATCTCCTGTTGCGGATTGATGGTGGAGGATCTGTAATCTGA:1
GAGTACGTTGGATCTGAGATATAAGATCTGTTACTGAGGATCGTGGATAATC,10,aaggagatataccatatggcttctactgattactggcaaaattg,44,GAGTACGTTGGATCTGAGATATAAGATCTGTTACTGAGGATCGTGGATAATC:6; GAGTACGTTGGATCGAACAGATAAGATCTGTTACTGAGGATCGTGGATAATC:1; GAGTACGTTCAATATGAGATATAAGATCTGTTACTGAGGATCGTGGATAATC:1; GAGTACGTTGGATTCTACAGATAAGATCTGTTACTGAGGATCGTGGATAATC:1; GAGTACGTTGGATCTGAGATATAAGATCTGTTATTGAGGATCGTGGATAATC:1
ATTAATGATAGATCTACCACTAGCGATCTAAGATGTGTGATCCAAGGTACAC,8,aaggagatataccatatggcttctactgattactggcaaaattg,44,ATTAATGATAGATCTACCACTAGCGATCTAAGATGTGTGATCCAAGGTACAC:4; ATTAATGATAGATTTACCACTAGCGATCTAAGATGTGTGATCCAAGGTACAC:2; ATTAATGATAGATCTACCACTTAGCGATCTAAGATGTGTGATCCAAGGTACAC:1; ATTAATGATAGATCTACCACTAGCGATCTAAGATGTGTAATGAAGGTACAC:1
CGTCGCCGCCGATCGAACGTACCTGATCACGTACCCCGGATCAAGCGTATCA,5,aaggagatataccatatggcttctactgattactggcaaaattg,44,CGTCGCCGCCGATCGAACGTACCTGATCACGTACCCCGGATCAAGCGTATCA:3; CGTTGCCGCCGATCGAACGACCTGATCAGACCCCGGATCAAGCGTATCA:1; CGTCGCCGCCGATCAAACGTACCTGATCACGTACCCCGGATCAAGCGTATCA:1
GACAACTTCCGATCGACTGCGACTGATCGCGTGCTATCGATCTCTTATATTA,5,aaggagatataccatatggcttctactgattactgacaaaattg,44,GACAACTTCCGATCGACTGCGACTGATCGCGTGCTATCGATCTCTTATATTA:3; GACAACTTCCGATCGACTGCGACTGATCGCGTGCTATCGATCTCTTATATTAA:1; GACAACTCCGATCGACTGCGACTGATCGCGTGCTATCGATCTCTTATATTA:1
TTCGGTGTGAGATCTCGTGCGTGTGATCTTCGATGGGGGATCACTGGTTGGC,13,aaggagatataccatatggcttctactgattactggcaaaattg,44,TTCGGTGTGAGATCTCGTGCGTGTGATCTTCGATGGGGGATCACTGGTTGGC:3; TTCGGTGTGAGATCTCGTGCGTGTGATCTTCGATGGGGATCACTGGTTGGC:2; TTCGGTGTGGAGATCGTGCGCGTGATCTTCGATGGGGATCACTGGTTGGC:1; TTCGGTGCTGATCTCGTGCGTGTGATCTTCGATGGGGGATCACTGGTTGGC:1; TTCGGTGTGAGATCTCGTGCGTGTGATCTTGGATGGGGGATCACTGGTTGGC:1; TTCGGTGTGAGATCGTGCGCGTGATCTTCGATGGGGGATTACTGGTTGGC:1; TTCGGTGTGAGATCGTGCGTGTGATCTTCGATGGGGGATTACTGGTTCGGC:1; TTCGGTGTGAATATTCGTGCGTGTGATCTTCGATGGGGGATCACTGGTTGGC:1; TTCGGTGTGAGATCTCGTGCGTGTAATCTCGATGGGGGATCACTGGTTGGC:1; TTCGGTGTGAGATCTCGTGCGTGTGATCTTCGATGGGGGATCATGGTTGGC:1
GCGTATGCCGGATCGTTGACGTTAGATCCCCAGTTAGTGATCATTTGTTGTC,8,aaggagatataccatatggcttctactgattactggcaaaattg,44,GCGTATGCCGGATCGTTGACGTTAGATCCCCAGTTAGTGATCATTTGTTGTC:2; GCGTATGCCGGATCGTTGACGTTAAGATCCCCAGTTAGTGATCATTTGTTGTC:1; GCGTATGCCGGATCGTTGACGTTAGATCCCGAGTTAGTGATCATTTGTTGTC:1; GCGTATGCCGGATTGTTGACGTCAGATCCCCAGTTAGTGATCATTTGTTGTC:1; GCGTATGCCGGATCGTTGAGGTTAGATCCCCAGTTAGTGATCATTTGTTGTC:1; GCGTATGCGGATCGTTGACGTTAGATCCCCAGTTAGTGATCATTTGTTGTC:1; GCGTATGCCGGATCGTTGACGTTAGATCCCCAGTTAGTGATCATTTGTTGTT:1
GGCGATGGGTGATCAGCTGCATAGAATAAGGGCTTGTGATCCCTAGTCCGT,6,aaggagatataccatatggcttctactgattactggcaaaattg,44,GGCGATGGGTGATCAGCTGCATAGAATAAGGGCTTGTGATCCCTAGTCCGT:1; GGCGATGGGTGATCAGCTGCATAGGATCAAGGGCTTGTGCATCCCTAGTCCGT:1; GGCGATGGGTGATCAGCTGCATAGGATCAAGGGCTTGTGATCCCAGTCCGT:1; GGCGTATGGGTGATCAGCTGCATAGGATCCGAAGGGCTTGTGATCCCTAGTCCGT:1; GGCGATGGGTGATCAGCTGCATAGGATCAAGGGCTTGTGATCCCTAGTCCGT:1; GGCGATGGGTGATCAGCTGCATAGGATCAAGGGCTTGAGCATCCCTAGTCCGT:1
GGCGATGGGTGATTAGCTGCATAGGATTAAAGGTCGGTGATTCCTAGTCCGT,1,aaggagatataccatatggcttctactgattactggcaaaattg,44,GGCGATGGGTGATTAGCTGCATAGGATTAAAGGTCGGTGATTCCTAGTCCGT:1
ACGTGTCCGGGATCTCGGGTCGTAAAATCATTCGTCGAGGATCCCGTACTATA,4,aaggagatataccatatggcttctactgattactggcaaaattg,44,ACGTGTCCGGGATCTCGGGTCGTAAAATCATTCGTCGAGGATCCCGTACTATA:1; ACGTGTCCGGGATCTCGGGTCGTAAGAAATCATTAGTAGAGGATACCGTACTATA:1; ACGTGTCCGGGATCTCGGGTCGTAGATCATTAGTAAAGGATCCCGTACTATA:1; ACGTGTCCGGGATCTCGGGTCGTAGATCATTAGAGAGGATCCCGTACTATA:1
GAGTACGTTGGATCTGAGATATAGATTAATTTTTACCGAGGATCGTGGATAATC,1,aaggagatataccatatggcttctactgattactggcaaaattg,44,GAGTACGTTGGATCTGAGATATAGATTAATTTTTACCGAGGATCGTGGATAATC:1
ATTAATGATAGATTGACCACTTAGCGATCTAGATGTGTGTGATCGAAGGTACAC,1,aaggagatataccatatggcttctactgattactggcaaaattg,44,ATTAATGATAGATTGACCACTTAGCGATCTAGATGTGTGTGATCGAAGGTACAC:1
GACAACTTCCGATCGACTGCGCCGATCGCGTGCTATCGATCTCAGATCA,1,aaggagatagtaccatatggcttctactgattactgacaaaattg,45,GACAACTTCCGATCGACTGCGCCGATCGCGTGCTATCGATCTCAGATCA:1
GGCGATGGGTGATCAGCTGCATAGGATCAAGGGCTTGTGATCCCGGCATCCGT,1,aaggagatataccatatggcttctactgattactggcaaaattg,44,GGCGATGGGTGATCAGCTGCATAGGATCAAGGGCTTGTGATCCCGGCATCCGT:1
CGTCGCCTCTCATTCCCTGTTGCGGATTGATGGTGGAGGATTCGGAATCTGAA,1,aaggagatataccatatggcttctactgattactgtaaattg,42,CGTCGCCTCTCATTCCCTGTTGCGGATTGATGGTGGAGGATTCGGAATCTGAA:1
ACGTGTCCGGGATCTCAGGTAGTAAATCATTAGTAGAGGATCCCGTCTC,1,aaggagatataccatatggcttctactgattactggcaaaattg,44,ACGTGTCCGGGATCTCAGGTAGTAAATCATTAGTAGAGGATCCCGTCTC:1
ACGTGTCCGGGATCTCGGGTCGTAGATGGACCAGTAGAGGATCCCGTACTATA,1,aaggagatataccatatggcttctactgattactggcaaaattg,44,ACGTGTCCGGGATCTCGGGTCGTAGATGGACCAGTAGAGGATCCCGTACTATA:1
